1534931418219937792,1543721260772900866,1531659252472979458,1563318452844376064,1565670876346974212,1546119056175992832,1574432182210383877,1543244091894468613,1537059395493892096,1572973957300494340,1572932486505562114,1565394952573530113,1570075364722081793,1558816205271703554,1525828622791098368,1536242851834642432,1573997041872736258,1547853060256387072,1540362923259973634,1568582948512743426,1568385439207198725,1573110111953977344,1553794392367972352,1565451435197825032,1564977807289044992,1566184510701445123,1542492992510070785,1572567757149073410,1567945683990360064,1568006296506605568,1571830110285602817,1567855870922600451,1563798901236301824,1568626387614928896,1565738035601457152,1568472613869043713,1533500900957888514,1571845386624434182,1565004933593718784,1575835822263148544,1572217266607116288,1567876885354524675,1572255501617958913,1564684855883214848,1575053965359689728,1563980173959204867,1566481628377096192,1524073701804851201,1570754530983411713,1563572048554668033,1567922906327568385,1565703692879282177,1535164301274624001,1542567581201989632,1572567255212527618,1535301939872817153,1567901075667304448,1564193895331893249,1525765363375345664,1569468659718062081,1524080741214302208,1575010839589179393,1564648043202371586,1443035380199133186,1565733751879094272,1568634810763190273,1571889148528852997,1553765622831792130,1566126350313947138,1565456463199444998,1568646262173605888,1567915152342745089,1571890226745810950,1566246436727054336,1568668162081845250,1566431903686828032,1568638424948813826,1563188142093373443,1571746152785104896,1562843495907336192,1571891374466760705,1572551733255229440,1568644703477972992,1568643717237538817,1565739584310415362,1565738981072986113,1565737027345063936,1564214355943735297,1567920269955682310,1535289244750585856,1568638625931304961,1571839668953518081,1566431094949437440,1566431823315570688,1567880082089250825,1567896530710921216,1567915791726825472,1547636837056843777,1548002109844402177,1536981705457692672,

1566424206635581441,1524077419690348549,1564274096925466626,1568632448531202049,1570214230896541697,1563000841011081216,1571694366942699520,1571842995649138690,1535305780517384195,1565011594962239494,1564993670050455560,1524082923070054400,1548000414221537282,1563531713464045572,1574461213635137536,1535314515772030976,1567920052321615873,1568826772937900033,1571882954250670080,1531695370769768451,1548003620972404737,1569720185916989441,1569708793864364036,1569690536235212800,1572569038546702339,1563474284013821958,1565739855598026753,1565738364132794368,1570742779915149313,1525871119718354944,1575548479752925185,1535278068801077248,1535294793890377728,1565823960117395457,1568620935774703616,1525887872221462529,1568640507697324032,1566433789198344192,1531654534703063047,1564245984334565376,1563163093118885888,1564279213196472322,1564279333627346945,1563200732416708610,1571843806365876224,1535284092501168134,1535296915625021445,1564761193734348800,1565014294885957638,1565012981368463367,1548001124564643840,1569383423034429441,1569378878631690242,1545814785987465218,1572193123417354240,1567923014133780482,1546185334706376706,1575534167445544960,1571887021358039041,1566062208173322242,1564080571591958528,1565594102695092224,1571891824910012417,1565348737794203650,1568453836960055301,1568407535861829635,1564234335800131584,1572657046163693573,1572657202950967296,1553425937558999040,1553786756952199169,1566074925495906305,1547904620143394819,1547998211196850181,1547993777159122944,1547763432316755970,1547681332225986561,1569380837925453824,1569119780367368192,1569383486326185984,1568649716199735296,1567922707668566017,1567889942130327552,1546183757337698304,1546183808705241093,1565035337121939456,1565033002744262656,1565032761936814080,1574461522960523265,1542567326503108614,1542568156803174400,1536980576409989120,1536961119935340544,1535277198940176385,1535297682557652992,1535309997659377667,1535303715539886080,1535307622995283968,1531696258569617410,1535313306654609408,

1537129606335107073,1537073021944377344,1537132178773094400,1525896796479815681,1525784361664135168,1574430518707355649,1567920683002511361,1567913385559486465,1568983436949426176,1568967103624912897,1568780288557481984,1548001847427756033,1548001624232058880,1548003647841116160,1547837750581141505,1547988012696346627,1547663332970139650,1547999381189562370,1547987491826741249,1548003220517097472,1548003746285645828,1546188802657603584,1548003713247195136,1547993118670090245,1553597751027449859,1553793560138420228,1553800836295413764,1553801717283799041,1553387254411821057,1547564072664649736,1553766364464107520,1553757385428287489,1553707387504439297,1553801523322359812,1553775630684233732,1553432617780883457,1553619587631030274,1553703613763141632,1553802057689305089,1553729478999920641,1571868718774484993,1571889938282741761,1571435881185042434,1569659758776582145,1571891268304928769,1571048767864078342,1571891644592721920,1571890820042702850,1571823938585387015,1572554073169358855,1564201982801465344,1564203012842590208,1568645793736970242,1568647543860432897,1568647255824994307,1568634585998663682,1565713794646654976,1564688823979835392,1574444874375770112,1574466018365538306,1574465481511038976,1574438347430404098,1574465623496790016,1525898681618415618,1525898022965616642,1525867192428154880,1525839598513004545,1525787991528001536,1525897898982051841,1525898792985305088,1518907842857955329,1525887371430051841,1525714521138073601,1525896573674299394,1525851585989025792,1525659081632907264,1564201970050760704,1535258588058472448,1535296915469914116,1565957166468476928,1573293591585243139,1568641510698283008,1571889720891695107,1571638288817221633,1571879551893966850,1553388453047459842,1553799777535643650,1553784387421974528,1553166534561914880,1553790696943136768,1553644576778473472,1553771789658034176,1553721392109162496,1553799577509273600,1553802270172540930,1553801931373543427,1553800802887680000,1553802440234909701,1553799418880659460,1565653497428643840,

1548004117523468291,1547936787326447621,1547999184631959552,1547894547337711617,1547993240573321224,1548004106115026944,1548001127752278016,1548004201573146625,1547713815873142786,1547878545833095170,1544112632587862016,1547996746290061315,1547963074207834112,1547999638879236096,1548003587711651840,1547998783354462208,1548003910706614272,1548003895900704770,1567315382255624193,1567913550445957120,1567918070823272449,1547816962318688257,1548004152122298371,1547990433682186243,1547991764450963457,1548002084074622978,1548001220404453376,1548000150651432960,1548004028822433795,1548003631739244544,1547999059847176192,1546849270996865024,1548003839831289856,1566434745847894019,1523661503861182466,1553795396895399941,1553801505173639171,1553798898329694213,1553801009364959232,1553802270869004290,1553739215732621312,1553800326280609793,1553747882536476673,1553795536519680008,1553030573710532610,1553802386501619713,1553797346584051714,1571882995161919493,1571882559004618759,1569793668067770369,1571875839767109645,1571659624054407168,1571853240706162690,1571891698422145025,1571891764423970819,1564279400060915712,1564262561171836929,1568640046298968065,1568639118648954880,1568481300800995329,1568634984826535936,1568635390310899717,1525896254600974336,1525898033166163968,1525898465305407491,1521370554883747840,1525717531146657792,1525896621493559296,1525897589039812609,1525897549382574080,1525897892669661185,1525879919758254086,1525892068689715200,1525873650246860800,1536981068926046208,1536972049616445440,1536952280624336896,1536978705972854786,1536944566296645632,1518983253641895937,1536981528466579458,1536981444211490816,1536847481304240128,1536980787014164484,1536978122746347520,1536977455981936642,1388092970612707331,1536978541996572672,1575048897692827651,1542567510960181251,1542562431901151234,1542568619019849728,1542567132835287043,1542557662776360963,1542568101681717250,1542568638888087552,1542528263628652547,1542563291024736263,1542567374351736835,1542567163470532611,

1542568375074705408,1542503471097982977,1542559661655744512,1542567023313666048,1564934693417541632,1565015825156919298,1564987156367548416,1564869719492018176,1574365593083547649,1574384640873451525,1574470746553843713,1574304300263694336,1574468077374378000,1574451956864749569,1574425238900965377,1574469743385481218,1574469370771902466,1574443912143437824,1574022173529935873,1574469766043291648,1574429657386074119,1574469282372599808,1574422251835125770,1574467671491579917,1573852523210883077,1574307739785895937,1574197683677298688,1574468459076808704,1574468600504557568,1568296235018362882,1570687672863313922,1570661447323254784,1570603780554784769,1570510324440207360,1570226651199574016,1565714617661554688,1565417708862193665,1565732521186304000,1565737030809976833,1565706710710468610,1565733901179314177,1565738210638106625,1565669084552912896,1565730076553089027,1565737815748780032,1534185311227592705,1565732709162532878,1565737125705879554,1565736340750221312,1565468898325045248,1565471998750474241,1565732457462235141,1565729360966991874,1565630463984771073,1565448178312351747,1565493252375060480,1565722670779465737,1565721373955457024,1565412950059491329,1565735027211739137,1563419398211538947,1525865822023036933,1525897943953207296,1525889446549364736,1525895256134324228,1525889481743777792,1525427450037018625,1525896955087335424,1525764919408603136,1525875807763279872,1525898135129964544,1525892938261319680,1525896001323769859,1525812558980063232,1525897360559292416,1525897041968214016,1525833996659204097,1525877249861373952,1525895535344820224,1525897836012916743,1483844444898004993,1525884129719554054,1525661195012714496,1525648723727900672,1525785799437869056,1568328173258948611,1570501584286797825,1570507967602241536,1570756270608752641,1570753980875309057,1570392833701597185,1570758068245524481,1570729715845181440,1570420580633178113,1570730852891652096,1570756784981438465,1570757307637837825,1570756625480454146,1567000675502157824,1566915165433450497,

1566974108390367234,1566943032980738048,1566945316875771916,1566932438969901057,1566652024342585344,1566848003432120320,1566895816467415042,1536949022702936070,1536974937600442368,1536980396977844224,1536980218489061376,1536953813957058560,1536044587290173440,1536974386519060480,1536808347109888001,1536821694949736452,1536980834263130113,1536956764956114951,1536578265938378752,1536981367203934210,1536860291669032965,1542565971663245313,1542567551762309121,1542508513070424075,1542497189955792896,1542566113506123781,1461834086046060545,1542567947515879425,1542560758923493378,1542479033841098756,1542567404563320833,1542563991607730178,1542496405247479809,1542505253194502150,1542568617488924674,1542567867937304577,1542343258516455424,1542558451879907329,1564216932697575425,1564225423579430915,1564224507837091843,1564211981791510528,1564193876654669824,1564224579748388864,1517553070862962690,1564222054295011329,1563955559598022656,1564071708419555328,1564025177738022914,1564109013507244033,1564222289490632705,1564208550507065344,1564220504730468352,1564207663273381889,1564215923434835969,1525889184761712640,1525700409171525633,1525672266951966720,1525654057817366530,1525898756721360896,1525898181011292162,1525898549413654528,1525581185832718342,1525595660870893568,1525859762692206592,1525897852697853952,1525874968977866752,1525520264796176384,1525883863859204097,1525898400931127296,1525712272605462528,1525892232150147073,1525795225377153024,1525118973041422336,1525875780991037445,1525880045763325953,1525897180539768832,1525617997280292864,1525853861495250945,1573382904939413504,1568264078220754944,1567551986781900802,1574472133631250473,1574473346129211393,1573502264328613888,1574392861625581570,1573815331084271621,1574467319342010398,1574465761619288064,1574416907326758913,1574440539914571778,1574445108056846338,1573411764468957187,1573028189643100160,1574472016744386563,1574434585122742275,1574400376303808513,1574467434123530240,1574472176417345557,1574471966827974663,

1574470688815157271,1574456352931565569,1574471779074150412,1574456538454003715,1574467654441574400,1565022236243009538,1565014546216914944,1565022435312898049,1564897520140300288,1564952909472751621,1565022703819673600,1564789116054675456,1565022608613150721,1565018041292767234,1565013278119665664,1565012530480783362,1565002612168003584,1565005173017165825,1564248223182733319,1564601900284215297,1565021519310356487,1565018954539712514,1564644904592097281,1565018705339219968,1565020683343740929,1565019259301810176,1565014086001143809,1564968733361074176,1564975628931186690,1565019896056094720,1564993487162036224,1565733225330348033,1565717476243038208,1565734943086583811,1565729916527824896,1565734655139233793,1565732893325934592,1565734248044175363,1565440616019898368,1565734328348311552,1565733392997617666,1565733456348434433,1565733748020224000,1565733481959014403,1565706640724205568,1565730568226353153,1565703864338132993,1565732398549143552,1565439875410796546,1565733215037693953,1565731074327584768,1565732794801668096,1565730611578359808,1565731875712221184,1565378950465048578,1570520641232830467,1570834745604583424,1570813544316440577,1570826683128905730,1570805122959278081,1570833362264428544,1570832200568025089,1570832636922437633,1570817138985963521,1570601517367054336,1570373393337430016,1570793996536147970,1570801900013895681,1567469235571511296,1567546726226993152,1567589612998246400,1567644332945022976,1567185086256119817,1567599809153974275,1566073297221341192,1566139020433731584,1566416375513763846,1566426996401672193,1566306333191593984,1566235881882750979,1566431036262735879,1566246610014797825,1566439121295495168,1566086133066375180,1566418258324082688,1565566842365624320,1566413721735467015,1566437151407046658,1566399447579475968,1566087646396424192,1484601775491538948,1524078933637017606,1523736550798163970,1524076018100838400,1491616329174036484,1524061993010925578,1523740356289785856,1524079077929459712,1524070080644063233,1523990633261592576,

1524063742107004928,1524065437289525249,1524078534372831233,1553649730588233730,1553799083323686912,1553802486909206528,1553802314598780930,1553799007721455619,1553802229471236096,1553744312885776386,1553707190904651776,1553801867435671560,1553764474770833415,1553797290610946050,1553692535469780992,1553800424062418948,1553802247305404417,1553714726391144449,1553802366377463809,1553727783767101441,1553802537857425409,1553513959885443072,1553801213694672897,1553788621509038081,1564286026402734080,1564035224832442369,1563982792555388929,1563326129053634560,1563687888960864256,1563872016943521796,1564277216401391617,1564309944358289415,1564067120710909952,1564213788294885376,1564071656254951424,1563958854899097600,1564272308394549250,1564303024666853376,1564310796737339393,1564258826546814977,1564310519066103809,1564232060562186241,1564310219907383297,1564155143322476545,1564211258089414656,1564309994824241153,1564309500403896321,1564022432628883456,1564288125215678466,1564309981175881734,1564274487528390659,1568635143631343619,1568547554643816448,1568514055509360640,1568633056348762114,1568433805639225345,1568393515557875712,1568634484345421826,1568634672254537735,1568612870392356864,1568634453982953473,1568633182114967554,1557078229588000769,1568620402875969537,1568630891945271296,1568626759259639811,1568424979284238336,1568404615137480705,1568632397649829890,1568592726291013632,1565480976360345601,1568476507504517120,1568568838974803968,1568631504154025985,1568601679708278785,1568631513448853504,1568535985666801666,1568623199109234689,1568602700933206022,1568629317088804864,1568629273572810752,1568630227605258240,1568627831315517440,1568619300201586691,1568214275512242177,1568179550244470786,1568116421917392898,1562975799497478145,1562896483107872768,1562856737392439296,1560629415628877824,1562190552036036608,1563125202178809858,1563092974505930757,1562930362661027840,1563054987189841920,1565482480441999361,1565734112752992256,1565745100747063296,1565744464009670657,

1565652678465781761,1565738121580498946,1564289368684204032,1565744030763335680,1565732184593498113,1565744535052894210,1565689292139151361,1565446148856455169,1565694286846468097,1565703311348613121,1565327227914698753,1565550164869267456,1565685989728714754,1565702655372148737,1565744067945824256,1565743486028111872,1565490553600581632,1565743718296322048,1565743708590440450,1565741047535357953,1565732695094824961,1565743793776869378,1565744161466109952,1565742975283367938,1565744021032542208,1565739681836240896,1565700745843851268,1565728166341124098,1565743362573045766,1565740768673021952,1565431059898056707,1564608441330667528,1564608158882054156,1564589799046270976,1564591160093548546,1558268100742725635,1564380061637246982,1564432395968737280,1564612844339007504,1564612210365796354,1564612762046590977,1564611230291091463,1564280945489895425,1564604177082359810,1564341860868521984,1564596473286692864,1564612304930541571,1564612315080712200,1564612040433758239,1564047966108778505,1564609624690462733,1564610442642825218,1564549703014010880,1564422510833274883,1564286109898735616,1564406717303095303,1564586290112331778,1564600977881169921,1575505545900920832,1575821186386337794,1575818566670069760,1575799797675876352,1571661994251403266,1571827418339627008,1571612954793050112,1571876263857647618,1571885985947860995,1569756826102824960,1571865586464075777,1571890867392102400,1571749433015996420,1571889809508950017,1523824592967675907,1524081897764184069,1524079329159921665,1524079178387181568,1524080907300356108,1523951986688901121,1524050282186821633,1524080678412840960,1524062957457620993,1524060491781488640,1524045819275476992,1523974180424794112,1524007737205608448,1565883627958898689,1566008253452017664,1565994088956104706,1566007021035716608,1565806311488442368,1565805570535432192,1565708958622486528,1566004579304706048,1567850516557824000,1548002466779631616,1547862028273926144,1547978826327547904,1546835016558190592,1548003641893670914,1547959731653816321,

1548003837599838209,1547960914204188672,1548004240575983620,1548003328658849795,1547763851222929408,1547975783020257280,1548004182635921408,1548004023243927553,1547470854736461824,1547348646055841793,1547623819321708544,1547980733263646720,1548003816531865609,1547706558871531521,1547997745830436871,1547980925559980032,1568297630349889536,1568230926500433928,1567515719088181249,1568254713422049280,1568297505355612165,1568296635519889411,1568296328303616001,1568290488553246721,1568296368992821249,1568273285644689411,1568055753503653888,1568296258141388802,1568269983054008323,1568278732074323968,1568216827079135232,1565495308158746624,1568216584086233089,1567984934358245381,1568285822558040065,1567866155422867456,1568227606696448001,1568260538014072832,1568283562561904640,1565731817965162497,1565731918158745600,1565474518801399808,1565595424404017152,1565731364900859904,1565731095303397377,1565490683141668865,1565730840000217088,1565441549793538048,1565730871101067264,1565633690583040000,1565718947223183363,1565682757572784129,1565699851303747584,1565681003603058688,1565071319317860354,1565710391422099456,1565707821550804993,1565726130442850310,1565722030489477120,1565669908813422592,1565569713777922048,1565704932678053888,1565726797056049155,1565546653746024450,1565726138219085827,1565726867537412096,1565631936223408128,1565728345215606785,1565727893237297152,1565702915796369418,1565720642997075968,1565423307087757313,1549650318912208896,1565725409022341121,1570812283894530049,1568170190550212615,1568132096891277312,1568222692318117888,1568144862519631872,1568147204119724032,1568132098350878726,1564976350758375424,1565023901595439105,1564948746063986688,1565013711617724417,1565023618614042624,1565004030950404096,1564978976417800192,1565018636095750145,1565025023475204099,1565024670193418240,1564771006191108096,1565022888511639552,1564962938548518913,1565022588807659523,1565024217816514563,1565017929305174016,1564953211735252994,1565009658720370688,1542122591414018048,

1542131084938412032,1542568542486364160,1542541746382508032,1542568225677901827,1542480802612539392,1542491896345411585,1542568329134604291,1542534012794814467,1542567226515005446,1542536787137945600,1542568255365292036,1542567826854236164,1542354971240325120,1542535822871826432,1542558258032005122,1542544185487523841,1564031692918390785,1564221402651181057,1563923094154133505,1564168875566317568,1564208797303902209,1563564860008304641,1564202866201530369,1563671734460583936,1564037973644959744,1563892946843443200,1564186740012847107,1564201889851473920,1563234120511406081,1564211748680437761,1564148744085508097,1564211914988998656,1564215841528373249,1564217600875323392,1564216052774739970,1564188671049334787,1525883826416693248,1501229205601804295,1525626450514264065,1525859972097134593,1525897064575647745,1525896784815456257,1525627090287984641,1525896964545695749,1525883622078783489,1525877677126828033,1525893951290494984,1525856961819983872,1525654461258924033,1525897998454210561,1535299728472252417,1535286580264435714,1535055743119810561,1535156356340076544,1535298130693869568,1535298883886129154,1535254838723981312,1535265218560917507,1535253459250753536,1535292546825572354,1535240290528907265,1534859511827156994,1534988587325964317,1535297675628773378,1534995904373088291,1535295000057024513,1530145803481890818,1535278896521875458,1535295495924424706,1534861927494520835,1534987133848633344,1535052351483940864,1535295397714878464,1535295501112954881,1535292788220301317,1535280732951785472,1535295384498581505,1535291655359709186,1567150860244852739,1567003142482436108,1567129072316354561,1567124129068814336,1567047238417010689,1525897766253522945,1525898241711042560,1525896927598022661,1525898090208800770,1525215786972983300,1525896003173376001,1525890465706434560,1525826500406157312,1525884294404743168,1525656037675651072,1525898226074849281,1525606959533150214,1525893484758159360,1525175021773135872,1525885057134632966,1525866488934150145,1525896411686096896,

1525897956640972800,1525852312740282369,1525896271474708480,1525898095040552961,1525822675548921856,1525509352743784448,1573234301885452288,1573382070663004162,1573370656569393152,1573385358208811012,1573351743282372608,1573350158133506048,1573359035843284994,1573383671398236160,1573361794512560128,1573315533042245632,1573051426716229635,1573385118236160001,1573385290320072704,1573318787184660486,1569791583209357315,1570108896252919809,1570107738423758851,1570104587281125376,1508333496678322180,1570109776691924995,1570088675731542016,1570109047671590913,1356978665356210182,1570109511997718530,1570106807841964032,1570029095215415298,1570104028234743808,1570105363776536577,1570091585500577795,1569914553009586177,1547832793660399617,1547998134785085442,1547862055998238721,1547887067836755968,1547995455610441729,1547959847198416896,1547996966998917120,1548003597463433217,1547957915826343938,1548002921987526657,1548004229083643904,1547987621627846656,1547523883364159489,1547997414639804424,1565705062000857088,1565452649868079104,1565801356857937922,1565698876786499584,1566011895236251652,1565864653619593216,1565878433183309824,1565734447709839362,1566010952994127873,1566009909371670529,1566011300823457792,1566009923456143362,1565926354687873024,1566005860044017664,1566008641748189187,1566008989078507522,1524082620400865282,1524082437675913216,1523862885063356417,1524081572047163393,1523976074346086400,1571891314991448065,1571891558571442179,1571274154287955970,1571890611501891585,1571890087939514369,1571890479649947648,1571885655097020417,1571828672918700033,1564226851937320960,1564195880340791296,1564228099193143297,1564074938126188544,1564228521576337409,1564225419146141697,1564111984836378624,1564227873547878401,1564067380434817025,1564227458513117185,1564011545377521664,1563285163320262656,1564227444038582272,1564050170567852032,1564206252250615808,1564076200141545474,1564226124288253952,1564225405745258499,1564223394685620226,1564226298993573896,1563888384258748416,1564226217095602176,1563958755166982145,1564224818974711811,1564100029362716672,1564225956516093955,1564156672700026883,1525879507609075715,1525898665835085826,1525898473412775936,1525878697298911234,1525550058745344001,1525765594804539392,1525845336488611845,1525613152267902976,1525856648866238468,1525896907092107269,1525888576604413952,1525697939510730754,1525457553987186689,1525888695185850369,1525897463340703747,1525891594112708608,1525896415095840768,1525898545395539972,1525896283336060928,1525817886928998405,1569711466143416323,1569809488558817280,1569951275206250498,1570015080728633346,1569854432329834496,1569906613091434501,1569846045856636929,1566062062769422338,1565731275712987137,1566076186454855680,1565952987674972160,1565859357841330177,1566077816793448448,1565908472083922945,1565885731708588034,1566077389418799104,1566077082144227328,1565879834768711682,1566077373451468800,1566074956865306624,1565644146454528213,1535285489007198209,1535316853991649283,1535311355258949632,1535316235231051777,1535292222291197953,1535304525195747328,1535122050649444352,1535256090039922690,1535061963268825088,1535318884189843456,1535319696198737920,1535315049501302784,1535312803132751873,1535318739360567301,1535299589099487233,1535318505935065089,1535312518389833730,1535317664666722305,1535317141120905216,1535309644830232577,1534947801855152128,1535303772678893569,1535233593412157440,1535315981077479425,1535315908327092224,1535279548371087360,1535316779798511617,1535316524579291136,1535316648780959744,1535316350901657600,1535250282267004928,1535316138594385921,1535313690492379139,1535313686251831296,1566488796786577410,1566769095432970241,1566758682901233665,1566460737970642945,1566742291808747524,1542542533867188224,1542540428553199617,1542538399575265281,1542328814986039297,1542567277710770176,1542537751077310464,1542568367042732033,1542568525713223680,1541481488570621957,1542568104101875714,1542567483818872832,1542297781443756032,1542567576785543174,1542557572791554053,1542566634602102784,1542567692019781632,1542547153679257601,1542560368064712715,1542562108159705088,1525898714069741569,1525893514650853379,1525783886709628929,1525891262435540995,1525894511276494848,1525861071810183175,1525897950634844160,1525897466712772608,1525872438998970371,1525898407755268096,1525898104280694784,1525894315674935303,1525445822816497664,1525793338879787008,1525897818732384267,1525897653657260035,1525854054219493376,1525898088296095744,1525898324527591424,1525898223994519552,1525895507104636934,1565028234340847618,1565016649446887424,1565028286178201602,1564991545744531458,1565027951791546369,1565028407573979140,1565028002743951360,1565027465935863809,1564723638917554184,1565024009435156483,1565027045574336515,1565027139019210755,1564954602281254912,1565025213992931328,1565011647885987841,1565025925879648257,1564874072516878343,1564599848736882688,1564893639557500929,1565024990310944771,1565025710632308736,1565025868010881027,1564805755332599808,1570813212517597184,1565001658165125127,1564980914052022276,1564558170625826817,1565708442165284870,1565704236842815490,1565483376412434433,1565700887875821568,1565718149697257473,1565721522991398914,1565702390216638464,1565668594419056642,1565551234840375296,1565726420420149249,1565726511319388160,1565726227809320964,1565718578590093314,1565723855733260288,1565725167665528832,1565725579412127744,1565520212002086912,1565725062010904578,1565723170103066624,1565343080169209856,1565723989934313472,1565724028224118785,1565434487575662592,1565699255045685248,1565714199648632837,1565157027437060099,1565724262471811072,1568817106346450946,1568773843216629760,1568513837350928384,1568823570490433536,1568799376956616705,1568927199746482176,1568842665617129472,1568921502719909891,1568666579684196352,1568925899239686145,1568842839638818816,1568924989973225475,1568609669089996800,1568810198571315201,1568908104015953920,1568921906786537472,1568922910873583617,1568571047892459523,1568793970855276547,1568568150253342720,1565885415126667266,1568244185739759616,1568583293024477191,1568307632016097281,1568915899188404226,1568742915295281154,1568919711878103040,1568920562705043456,1568882370643693568,1568918740548337666,1568841127830372353,1568917554608934918,1568682469850636288,1568805322818572289,1568915882705047554,1568788480234524677,1568893549332267009,1568914258695716867,1568910475328356352,1567922258433445888,1567926820426903556,1567926451181162498,1567564933914820608,1567926811128123394,1513311146903752706,1567267180667981836,1567924121069133824,1567609709154430976,1567921510987321349,1565791037276057600,1567926508060016642,1567902879691976708,1567769492369059841,1563218377174200324,1567510917469937666,1567913916235239425,1567925977111752704,1567667227695906816,1567873114389839872,1567889188242223105,1567923597808926720,1567924944599654401,1567889613863223296,1567923908346789888,1567914622681751552,1567920441007767554,1564976990851137542,1564627184186277895,1564909146067066880,1564791394346143745,1564860753072381953,1564952997817249792,1546190013930655748,1546190976888315906,1546190717130768386,1546155739256737792,1546087267000897539,1546191730705256448,1546142929407938560,1545212957717454853,1546189417576112130,1545940808536207360,1546189784288215042,1546190296978956291,1545653184726704130,1546154869052112896,1545861302232530945,1546171983913799682,1546185245300490242,1574460102127788038,1574297433714135040,1574148814876844035,1574452888377737218,1574422709823365120,1573811441689305091,1574438460127342592,1570448824044224512,1574399670805307396,1574446731747393537,1574440227598385154,1574458372455530496,1564067615751999488,1574457769264123925,1574439516735242242,1574416932463210496,1574408724847874049,1574421343671652352,1565032282133520385,1564940838978863104,1565032295190315009,1565020934897078272,1564996385648381952,1565007359570739200,1564741515930472449,1564770861365829632,1565030190954287104,1565030992284303360,1565030918305337349,1564685167486197760,1565024122484162563,1564763655547326466,1565012368043933697,1565029213408731138,1565027876822388736,1564238656809967617,1565024602442543104,1565029509585424384,1565001968510087168,1565021600625307648,1565029564165660672,1565028452159324162,1565029819074588672,1565005524935946240,1565028223708176391,1565027486529994752,1564767107744776193,1565028745118990339,1573000688270974978,1575866671327215618,1575510725082087429,1575689025322512384,1542536559131516928,1542565312851329024,1542568430397792256,1542523582349160451,1542293870590844928,1542568375456505856,1542564160013103104,1542262287721025536,1542561744978972672,1542539619283214345,1542567410028359680,1542568246875983874,1542566876135440384,1542567355678703618,1542561429500432385,1542568170896216064,1525577341597954048,1525897725052694530,1525620151961411584,1525898555525046272,1525839772815704064,1525666186037547009,1525898483466641408,1525856913266704385,1525865500496076800,1525888252619669506,1525886783476666369,1525713471278526464,1525820775361650689,1525865658671583233,1525653587904212994,1525895167336665089,1525898488919347200,1525898236413636608,1525874438893211649,1525897752256950273,1525895839239098374,1525898721728372736,1525648801834352641,1525895532157325315,1525897028680704003,1525850160433188871,1536940081503776770,1536975359324966912,1536980271613890560,1536975748967301120,1536981731009769472,1536680886124523521,1536917007320621056,1536981735883386880,1536876088965885953,1536814663572328450,1536979684814110720,1536967373521047552,1536746646393978880,1536352741118844928,1536980350739546112,1566767404184641536,1566775159524102148,1566121795962703872,1566087961564831749,1566104810717609985,1566113107705008129,1565767177734586368,1566130524116041728,1565885418402627585,1566129371131351040,1568051428555460608,1569656623332827136,1569462658604363781,1569631412583829504,1569570676327219200,1569614568686776323,1569472864453275649,1569347891365564416,1569655327607476224,1569654931300446208,1569430716399894528,1569364435352813574,1465667719869595653,1569647861620678657,1569543817610809347,1569380323502264320,1569470464883556355,1569620085643378688,1569386611430887427,1562911930825728001,1562705790137274369,1562900558167801857,1562575386537369600,1568370326718894080,1568373694065410049,1568659659493441538,1568626573665882112,1568641781813678081,1568658071584657409,1568647026711363585,1568657423468232704,1568458818627194882,1568253935974064128,1568399730941788165,1568639399574781955,1568584151334273025,1556389147685838848,1568242225867366400,1568657012711464961,1568419630447824897,1568611493754863616,1568656354260164611,1568550944832475136,1568612619715502082,1568654969494192128,1568624876247736322,1568315238742728706,1568630385344450562,1568647970303913984,1568656627766824961,1568656389693743111,1568654942881325056,1568656181933252608,1568651380398645248,1568606187817664514,1568570290896261120,1568655734002393091,1568377769368715267,1568592254570303488,1568655262797500416,1564215501248950272,1564231395815424000,1564222529954357248,1564226654871904259,1564029020995469312,1563948942311788546,1564034926315536384,1564208707675865095,1564230332765077505,1564212950654586880,1564229016864915456,1563990507126136835,1564230386011488257,1563957140104036353,1564230659198963712,1542343097434214402,1564217838218387460,1575921270285557760,1575919708427411457,1575918902743179265,1575920483178287104,1575765540869591040,1575920704838856704,1575914518836056064,1575904143818080259,1575624461847445504,1575918446314913792,1575822396497760256,1575918298847268864,1575744171201003520,1575906602925756418,1575917704841555969,1575909119185518592,1575905044842500096,1575606391040929795,1575916687236698112,1575915216323215360,1575873318300704768,1575910254650740741,1575914796234334208,1575560855990591489,1575913458201088000,1571965158758678530,1572660462738898945,1572660804046163970,1572610944043450368,1572638986455363585,1572629179581042692,1572660383911145472,1572239209985114113,1572546933960241152,1572605909825736705,1572239289794060288,1572659852538949632,1572631461945315333,1572617446602969093,1572657728589561857,1572631307775098881,1572626496975695873,1572659123636019201,1572659811447377921,1572651123256827906,1568244466472951810,1553578558592778240,1553750748164497408,1553517541322067969,1553802076387409925,1553781200141033477,1552739647914217473,1553766087061393409,1553801122858639361,1553786712220135429,1553740387977773057,1553802051339096064,1553801395731570689,1552977562363576320,1553382638873894913,1552657081764679691,1553799677199392768,1553799876869341185,1516576967297957893,1524073117030748160,1524057055375597568,1524082339948736513,1524077912424656896,1524080238333898752,1523775663718559744,1524079811739766786,1523312148944162817,1523997849394032646,1524068066597883904,1524036042789064708,1524081016272560128,1524083028376657922,1565876573127036929,1565696203920138241,1565850253223288833,1566011493086384129,1565815832000704512,1565806118693064704,1565968911165702145,1565819792128618496,1565547073516216322,1566013570222936064,1565870686089777152,1566012147343171584,1565786505439842305,1565711667476004866,1565740786662027264,1566011487637934087,1570471785803522048,1570438836521693187,1570468517627195392,1570137283722104832,1570459174785667074,1570453206945366018,1570432395882692615,1570471499802480640,1570469838845521920,1569874506465906688,1566122158773993476,1567683402588983302,1528980009800585216,1573331910222548994,1573310379710881792,1566335116678696965,1573099222425116673,1494069828877004815,1565075069478502402,1525283185810104320,1574426158376042499,1564620233859600397,1520847830054842369,1491103632250798080,1493533073346121741,1484608936087113731,1564865982165684224,1565541995514191877,1578068886200750080,1565678787991425024,1568210132999323649,1489255261260845056,1572559278766182401,1574381704088850438,1571828221095690240,1489793006525816833,1570108213172789251,1565734042322042880,1521615591966224386,1573219091795644416,1575888792895881230,1575900051154423808,1565441440783765504,1573235860287488000,1566124685422723076,1567905719596228608,1564040132403003392,1493541443008401412,1494757837041504257,1496240350767480832,1491054236867698689,1574455803121225730,1574295756789657600,1569667249728008192,1564326228412473344,1568251923626606592,1567132440417734658,1567151656218886145,1566135952556249093,1572979102100987904,1577599518979366915,1570401550719422464,1571891846309376001,1565459603604865025,1567880258132508673,1565421734748200960,1565417354619764739,1566433914406813696,1567528913697488896,1537790301858840577,1505446711770025985,1521666770524078081,1564840499818778624,1570791089363365891,1563945251634651138,1567914539596877826,1562423894778163201,1562727711973715976,1562454985677291521,1570318243172352001,1320155628048961537,1333519660126441482,1563726930247049222,1570001848320286720,1566774853662920704,1542520893980626953,1524800320668319746,1525704390945824769,1483506744458235904,1521302116647596033,1520884502624555008,1520508900423970825,1518642878716674049,1520722450354688001,1363713887019937793,1574393721394708481,1491485613362663426,1363691895877107715,1565865988700389376,1566848637694525442,1570492706698432512,1568309365077311488,1564017495685619714,1575489549702078466,1575379860972675072,1572589613109100547,1572286701766311937,1571736534751055873,1548673757237108742,1524032374153089029,1565505032895623168,1565484628995080192,1547629957756567556,1554636413635031040,1569335827934724096,1569046116284473344,1567922671899521024,1489211415823065089,1570039098810961922,1542649635466104834,1570543267120545793,1493546866134368256,1489256929222283271,1574461716951351296,1573872159285563392,1575552473078829056,1575462975963648004,1540298365484892160,1536664757201010688,1536795705511124992,1566130393992110080,1530835088543567873,1531681177924300800,1570378093126205441,1570242354996559874,1570095386551021568,1570125055245582336,1493460168457146369,1534892524179005440,1537128307677962240,1537118983752765441,1536564457291231233,1524538676562210816,1477497369541365762,1365065669763604481,1525148633137438721,1575172249283346433,1575392618678214656,1575823586102632448,1574418516387590148,1567919769999015937,1568961880193900545,1570834992971800582,1569717587105259521,1545393071969677312,1565653944898146304,1553709812969603072,1497432184952606722,1571865367513034757,1571810355151618054,1567091023666642944,1569675983472529409,1573348540981592065,1573130147582169089,1568501167600140290,1570784881768300546,1570494299967729664,1565730199479767042,1557051261987479555,1563132321254895616,1568185362459009025,1567009303223042048,1569278891768037376,1570095074872119299,1570743140809867264,1525895470517669889,1525830924168056835,1571096056489775110,1570580981794357248,1567186983088279555,1565395220165849089,1535286432545185793,1534903485203984384,1535063900286177280,1573295483891716097,1572647627086499842,1573281688029106176,1578067564357296129,1578007632144654336,1570079820956209152,1570122222085480451,1568609326935298050,1568237631586336768,1571890614291120128,1553795695026610176,1553003649504354305,1553802407364407296,1524040735955247104,1556332017507246082,1565097380315385858,1567909806165602304,1547934709090381824,1547954874335121416,1565039020341694464,1565418828300951559,1565418495139004416,1565415215268773888,1566436990115266561,1553660476923342848,1553485775424999425,1553801431026700289,1571890546175614977,1565033450104651778,1570583378436718593,1567127008814981120,1568637983527501827,1568553372772454400,1563179095214608384,1561805653034901505,1525897541425971205,1525898116750262272,1525897408802181121,1571680501366153216,1567518512976990209,1567248144638906368,1534966318243274752,1535306539853963264,1535200097142575104,1536817886832037892,1574835860331270171,1574854775274881024,1565011814517071872,1574136093473230853,1573764765243039744,1574469127661461504,1568233014315958275,1570668875305603074,1565722879714549761,1525445710560186368,1525818624292040705,1570723705797627905,1570743271202365443,1566826264480124930,1536740557179043840,1536674541690298368,1542542559481839617,1542546301400715264,1542449931276804096,1564221849373917184,1423564460845944834,1460658702369931268,1355658328127528960,1387493534920478721,1573370367330107395,1399370365063729154,1505464889355218951,1568272074539401216,1574473216629739520,1574372948391202819,1574471613537554432,1564961744505692160,1565514865090990080,1565158065212723202,1570221929608675328,1569033962218979329,1570821609317081090,1567493610785935366,1565881755592187904,1553718544516390913,1568627479786438656,1567926653677981697,1562726616081448960,1561779887257620481,1563125202178809858,1565523479193014273,1571772250289831936,1571891851015213059,1524075880036720640,1567773743421825025,1547992857314611202,1568075032617795585,1565723727299416065,1569831795234951168,1517515000432279556,1517733189699133440,1567860303836094466,1565021599123865601,1564699103103094785,1463203194281119745,1410665444424314882,1464325594393587724,1442920227407159298,1428348030462300172,1421885571702525954,1542544706801917952,1542186487525134340,1564153037622755329,1525898165555187713,1525864567397818372,1535297911747117056,1534861927494520835,1535024263064743936,1566421637037232130,1525608910358446085,1525875670760538112,1500516257103155201,1573079520004841472,1537941670020337664,1573383876625731590,1573358461504585728,1570107257534152704,1570106666938691584,1547398142299095043,1565686505955270658,1565732560218558464,1562137547798560768,1565708039923154944,1563264581199605761,1522703885214920704,1571891769498894337,1568025905619927041,1567582252493684739,1563007401191563264,1562985454563397635,1525897974223609856,1525842126579421192,1566078003217580033,1535068935439396864,1535318985062895618,1566371951148417025,1542567530056757249,1542563905763147776,1542565405339828231,1525844075814985729,1525890941810364417,1525897458525646848,1525877861030060032,1575750761098928128,1575486262173085697,1520859617630298118,1361652386687815680,1361752231075266566,1362390309288706048,1523308463119814656,1565022738321907712,1568666579684196352,1568608996952612868,1568796551652478978,1568594489651990530,1568616302440321025,1564765040179298305,1564687214000635904,1564615534032846853,1546118429391966214,1574249096378040320,1574057820630437889,1574313187528302593,147,1563472289051865090,1565020025119019008,1495512661324357632,1496771884435730436,1494005964369973254,1357045835108876295,1541517682842951681,1362428344738922498,1364667188049756163,1364676225160122370,1362861796936327169,1361676724006649860,1478457477394051074,1514627166356623360,1478890858300813315,1519992761285591040,1520631033007329280,1520725069445713921,1560195156267122688,1363240874294075394,1566210652011696130,1532254917095735296,1521125857120694273,1521236652173058048,1521295558060789760,1521577742784811009,1524369963049537537,1574398155189280776,1542567825734352900,1525739996329779202,1536722826232745989,1536917007320621056,1536905414587035648,1536978501798182913,1561743387778326533,1566796543642009602,1566122398344265730,1569655273173962755,1566723425367838720,1563068895908413440,1575909096850702349,1318915999748509698,1572406374339940352,1572643664114991104,1572578328997171202,1572239209985114113,1553394735355535360,1553797930707984384,1553534160907665414,1565981137389879296,1570470072707055618,1570414027309817858,1570094956143935490
